date,average_sentiment,min_sentiment,max_sentiment,q1_sentiment,median_sentiment,q3_sentiment,total_runs,total_posts
2025-09-14,7.96673267029863,4.94756070445762,12.0024420327901,7.96673267029863,7.96673267029863,7.96673267029863,48,33689
2025-09-15,8.89874395513562,4.59722840707671,13.8742694612645,8.89874395513562,8.89874395513562,8.89874395513562,48,34640
2025-09-16,8.73487623099869,6.00220633687724,12.3009978906018,8.73487623099869,8.73487623099869,8.73487623099869,48,34226
2025-09-17,9.40630937273312,3.64768358151304,13.4286131491325,9.40630937273312,9.40630937273312,9.40630937273312,48,34932
2025-09-18,6.80289745940621,-1.32649419805416,11.0893787409348,6.80289745940621,6.80289745940621,6.80289745940621,48,32411
2025-09-19,9.49972203097789,5.58196002129706,14.2337109234452,9.49972203097789,9.49972203097789,9.49972203097789,48,32680
2025-09-20,9.34202128311112,5.06865204309492,12.9737129683924,9.34202128311112,9.34202128311112,9.34202128311112,48,34369
2025-09-21,9.725339884376,6.00889926407067,14.0400476267304,9.725339884376,9.725339884376,9.725339884376,48,37354
2025-09-22,9.40171451955666,-2.29024597684532,13.6011969799917,9.40171451955666,9.40171451955666,9.40171451955666,48,34847
2025-09-23,9.69365905119534,4.39767722311438,13.8962832565655,9.69365905119534,9.69365905119534,9.69365905119534,48,32855
2025-09-24,9.25609081444489,5.4431608046691,13.4738320558875,9.25609081444489,9.25609081444489,9.25609081444489,44,32782
2025-09-25,9.26374893685589,6.03221995428353,13.617052990357,9.26374893685589,9.26374893685589,9.26374893685589,48,34527
2025-09-26,9.63976611271464,5.33821784040839,13.8472593722497,9.63976611271464,9.63976611271464,9.63976611271464,48,33509
2025-09-27,9.70660960768907,5.72761279209475,15.2575062085139,9.70660960768907,9.70660960768907,9.70660960768907,48,35081
2025-09-28,9.42411736100208,5.0068843911364,13.1383589368512,9.42411736100208,9.42411736100208,9.42411736100208,48,34746
2025-09-29,9.45200301032875,5.58366172950657,14.1155185917352,9.45200301032875,9.45200301032875,9.45200301032875,48,34417
2025-09-30,8.25689331266035,4.36987911025347,13.3088850370597,8.25689331266035,8.25689331266035,8.25689331266035,48,34140
2025-10-01,9.03418136416887,4.96747440634784,12.4667440270939,9.03418136416887,9.03418136416887,9.03418136416887,48,32776
2025-10-02,9.18067829613775,5.21462843917858,12.3124175431022,9.18067829613775,9.18067829613775,9.18067829613775,48,35050
2025-10-03,9.06449930331228,4.69372368479782,13.9174361517188,9.06449930331228,9.06449930331228,9.06449930331228,48,35042
2025-10-04,9.71513847060262,5.25727702871701,15.6994436105321,9.71513847060262,9.71513847060262,9.71513847060262,48,34675
2025-10-05,9.3818421759691,5.45379134847535,13.6620526261456,9.3818421759691,9.3818421759691,9.3818421759691,48,35169
2025-10-06,9.31757894662292,4.69368987182531,12.4772284344374,9.31757894662292,9.31757894662292,9.31757894662292,48,36199
2025-10-07,9.14789910764734,5.71933025591646,13.020967324212,9.14789910764734,9.14789910764734,9.14789910764734,44,32783
2025-10-08,9.93257794035437,4.38316514047301,16.0038617426751,9.93257794035437,9.93257794035437,9.93257794035437,48,34869
2025-10-09,10.4282132748791,6.41052003689502,16.4720421074826,10.4282132748791,10.4282132748791,10.4282132748791,48,36863
2025-10-10,11.5745507119384,6.03568577252818,16.709505114565,11.5745507119384,11.5745507119384,11.5745507119384,48,35304
2025-10-11,10.7374804254274,6.49979646887444,16.3781736261231,10.7374804254274,10.7374804254274,10.7374804254274,48,36789
2025-10-12,11.0275783889393,5.68327872337879,16.4760510885569,11.0275783889393,11.0275783889393,11.0275783889393,48,36837
2025-10-13,11.0796890766202,8.22785437099886,16.1621224336973,11.0796890766202,11.0796890766202,11.0796890766202,48,36468
2025-10-14,11.12673493125,5.00149320496665,16.4804556116265,11.12673493125,11.12673493125,11.12673493125,48,36895
2025-10-15,10.4515301076932,5.59097852655536,17.7879527913032,10.4515301076932,10.4515301076932,10.4515301076932,47,33916
2025-10-16,10.6055606328175,6.55817276898896,17.2927498100184,10.6055606328175,10.6055606328175,10.6055606328175,48,35627
2025-10-17,10.445601094969,6.29459599510191,14.9438290099369,10.445601094969,10.445601094969,10.445601094969,48,34011
2025-10-18,11.1880729106391,7.00397669067634,14.7038490590264,11.1880729106391,11.1880729106391,11.1880729106391,48,36230
2025-10-19,10.2618405861967,5.55759501941985,15.4684567314472,10.2618405861967,10.2618405861967,10.2618405861967,48,37000
2025-10-20,9.5287851034345,6.10397912777708,15.9181821111395,9.5287851034345,9.5287851034345,9.5287851034345,48,36769
2025-10-21,9.13306714591669,3.52629796016974,13.5339382758586,9.13306714591669,9.13306714591669,9.13306714591669,48,34933
2025-10-22,8.70059846118386,3.52809857862032,12.068745890286,8.70059846118386,8.70059846118386,8.70059846118386,47,35044
2025-10-23,8.94719806153158,5.62916291065122,14.0399549933957,8.94719806153158,8.94719806153158,8.94719806153158,48,33175
2025-10-24,9.90873734525868,5.23416317619295,15.2981798627864,9.90873734525868,9.90873734525868,9.90873734525868,48,34946
2025-10-25,11.1301896276658,7.48980754748291,14.6514712141718,11.1301896276658,11.1301896276658,11.1301896276658,48,35203
2025-10-26,10.8684070766314,7.0783392343249,15.937076795945,10.8684070766314,10.8684070766314,10.8684070766314,48,35877
2025-10-27,10.5515260852502,6.07909415300433,13.4332186921444,10.5515260852502,10.5515260852502,10.5515260852502,48,36103
2025-10-28,9.75669496043473,3.74428948252069,14.6188785568287,9.75669496043473,9.75669496043473,9.75669496043473,48,33818
2025-10-29,9.97876345814818,6.14503462071945,13.8459269020538,9.97876345814818,9.97876345814818,9.97876345814818,48,35471
2025-10-30,9.73715279930694,5.47519862790353,13.4962889984872,9.73715279930694,9.73715279930694,9.73715279930694,48,35305
2025-10-31,10.9309099184169,7.08831971018336,16.4779467988759,10.9309099184169,10.9309099184169,10.9309099184169,48,35064
2025-11-01,11.2578047257779,0.0,22.3144157241282,11.2578047257779,11.2578047257779,11.2578047257779,29,20664
2025-11-02,10.8957011659083,9.48218272514593,12.4852328675117,10.8957011659083,10.8957011659083,10.8957011659083,23,196264
2025-11-03,9.89863793172016,7.18256216095068,12.0562262775418,9.89863793172016,9.89863793172016,9.89863793172016,32,335892
2025-11-04,9.65228339120169,4.06396107836574,12.4703939452504,9.65228339120169,9.65228339120169,9.65228339120169,48,422249
2025-11-05,12.1865029887626,7.0170244080777,15.3991620002241,12.1865029887626,12.1865029887626,12.1865029887626,48,396332
2025-11-06,11.3331506689071,9.22979340625299,14.638962950394,11.3331506689071,11.3331506689071,11.3331506689071,46,376218
2025-11-07,11.0118977173004,8.61629995935135,13.1601355030399,11.0118977173004,11.0118977173004,11.0118977173004,48,401249
2025-11-08,11.2281025389119,3.96637315065588,14.1923861169438,11.2281025389119,11.2281025389119,11.2281025389119,48,403028
2025-11-09,11.3536905034266,8.257942938898,14.4858347408888,11.3536905034266,11.3536905034266,11.3536905034266,48,431096
2025-11-10,9.13946211320191,4.40348867117481,12.5292261258063,9.13946211320191,9.13946211320191,9.13946211320191,48,421297
2025-11-11,10.8729431402237,8.80593369942738,17.302420726407,10.8729431402237,10.8729431402237,10.8729431402237,48,426690
2025-11-12,11.0211855291419,8.70132982494196,13.3149089207138,11.0211855291419,11.0211855291419,11.0211855291419,48,434067
2025-11-13,10.7181639235896,8.46095462770078,14.7107265785904,10.7181639235896,10.7181639235896,10.7181639235896,48,428433
2025-11-14,10.8700694416521,8.87970442006834,13.6626416405026,10.8700694416521,10.8700694416521,10.8700694416521,48,433803
2025-11-15,11.0098071208232,8.05358139399401,14.3617344748423,11.0098071208232,11.0098071208232,11.0098071208232,48,436624
2025-11-16,11.4207270592813,8.31952267583786,14.7282170300175,11.4207270592813,11.4207270592813,11.4207270592813,48,442251
2025-11-17,11.3292269290579,9.52260024457416,13.0676565300277,11.3292269290579,11.3292269290579,11.3292269290579,48,432107
2025-11-18,9.73067851822512,0.947401641746876,13.2863015007921,9.73067851822512,9.73067851822512,9.73067851822512,47,386210
2025-11-19,10.7285597260719,8.56555419000626,15.4336208521206,10.7285597260719,10.7285597260719,10.7285597260719,48,429982
2025-11-20,10.0032127722706,6.87865758708776,13.3650669018734,10.0032127722706,10.0032127722706,10.0032127722706,48,436344
2025-11-21,10.8506084210629,8.51660450033805,13.6109548868898,10.8506084210629,10.8506084210629,10.8506084210629,48,418935
2025-11-22,11.8684366185086,9.46831606013464,13.7092084627688,11.8684366185086,11.8684366185086,11.8684366185086,48,432203
2025-11-23,12.0130053671224,9.06936771030044,17.770135923983,12.0130053671224,12.0130053671224,12.0130053671224,48,444955
2025-11-24,11.4227083623499,8.36923777003534,13.7892328407656,11.4227083623499,11.4227083623499,11.4227083623499,48,425808
2025-11-25,11.4624935431422,8.43808539352404,18.4734851261358,11.4624935431422,11.4624935431422,11.4624935431422,48,431798
2025-11-26,11.4731325707247,7.95847378387052,14.3849369310335,11.4731325707247,11.4731325707247,11.4731325707247,48,427452
2025-11-27,13.2410359066023,9.69647471568467,18.9996741784265,13.2410359066023,13.2410359066023,13.2410359066023,48,425118
2025-11-28,11.4863011707995,8.90319751495711,13.5444864282274,11.4863011707995,11.4863011707995,11.4863011707995,48,421502
2025-11-29,10.9017281104663,5.10590859878745,13.9636337163034,10.9017281104663,10.9017281104663,10.9017281104663,48,422056
2025-11-30,11.5370651204723,8.81724281597556,14.172228171667,11.5370651204723,11.5370651204723,11.5370651204723,48,421477
2025-12-01,11.9361637115571,9.52938731381763,14.3711288377661,11.9361637115571,11.9361637115571,11.9361637115571,48,418699
2025-12-02,10.7206838044741,8.54580281377235,13.9323387165529,10.7206838044741,10.7206838044741,10.7206838044741,48,413985
2025-12-03,11.0968286357414,8.59787590723765,13.735134099369,11.0968286357414,11.0968286357414,11.0968286357414,48,418041
2025-12-04,11.187788391263,9.49714813623298,13.0195134312723,11.187788391263,11.187788391263,11.187788391263,48,432437
2025-12-05,11.6524047097767,9.41950941557495,14.7756034885184,11.6524047097767,11.6524047097767,11.6524047097767,48,430484
2025-12-06,12.1709557567287,9.40085060168981,13.9766794929072,12.1709557567287,12.1709557567287,12.1709557567287,48,420330
2025-12-07,12.2441735164271,8.60836369325155,14.7728332328413,12.2441735164271,12.2441735164271,12.2441735164271,48,431163
2025-12-08,11.9610211313622,8.57260678475248,15.2226297984094,11.9610211313622,11.9610211313622,11.9610211313622,48,415946
2025-12-09,11.5009383721505,8.79770294787629,13.6482404742411,11.5009383721505,11.5009383721505,11.5009383721505,48,433884
2025-12-10,10.6491412850285,8.15711218601032,13.0167230650908,10.6491412850285,10.6491412850285,10.6491412850285,48,427626
2025-12-11,11.0697289322044,8.87530497109777,13.1674042006179,11.0697289322044,11.0697289322044,11.0697289322044,48,419011
2025-12-12,12.1786729951303,9.84693633987789,14.1852608665775,12.1786729951303,12.1786729951303,12.1786729951303,48,414983
2025-12-13,12.7385024667178,10.7274792768107,15.2650971660197,12.7385024667178,12.7385024667178,12.7385024667178,48,432427
2025-12-14,11.5190952999436,9.49358888826581,13.5532179555497,11.5190952999436,11.5190952999436,11.5190952999436,48,420436
2025-12-15,9.56543745764473,3.58713637363178,14.2216139906024,9.56543745764473,9.56543745764473,9.56543745764473,48,432869
2025-12-16,10.3297705412348,3.74864453749483,13.5609970759815,10.3297705412348,10.3297705412348,10.3297705412348,48,386705
2025-12-17,11.2911015468727,8.40680083288704,18.0325420335189,11.2911015468727,11.2911015468727,11.2911015468727,42,331416
2025-12-18,9.95671525941242,3.92258187323365,12.9800777661109,9.95671525941242,9.95671525941242,9.95671525941242,24,120308
2025-12-19,11.5011187362711,9.8230237547383,13.4983158588866,11.5011187362711,11.5011187362711,11.5011187362711,48,421562
2025-12-20,11.727860386123,8.54123969104211,14.2456666864713,11.727860386123,11.727860386123,11.727860386123,48,372997
2025-12-21,12.5912437460582,6.78338378367557,19.6321260115087,12.5912437460582,12.5912437460582,12.5912437460582,48,410563
2025-12-22,11.7474419031132,-4.52502843586566,15.0837663990982,11.7474419031132,11.7474419031132,11.7474419031132,48,390337
2025-12-23,12.0848111618215,8.33540236442902,14.5961019822938,12.0848111618215,12.0848111618215,12.0848111618215,48,354075
2025-12-24,14.8564016523778,11.5019302808804,17.7459202748094,14.8564016523778,14.8564016523778,14.8564016523778,48,430164
2025-12-25,19.7652672237787,15.3660475800976,24.3270754375138,19.7652672237787,19.7652672237787,19.7652672237787,34,288272
2025-12-26,14.3234288445922,8.40488567577755,22.4110529370991,14.3234288445922,14.3234288445922,14.3234288445922,11,7920
2025-12-27,13.2969293838293,11.4171147862481,15.7583748594698,13.2969293838293,13.2969293838293,13.2969293838293,48,345636
2025-12-28,12.9800200582384,11.2822583844038,14.9627367818212,12.9800200582384,12.9800200582384,12.9800200582384,47,434808
2025-12-29,12.7182308407163,10.7133790121241,14.6016726988846,12.7182308407163,12.7182308407163,12.7182308407163,47,396251
2025-12-30,12.6707193293828,9.8231923329094,14.8045641724531,12.6707193293828,12.6707193293828,12.6707193293828,47,402070
2025-12-31,15.5485099064195,11.033242718552,20.8106477017006,15.5485099064195,15.5485099064195,15.5485099064195,48,371609
2026-01-01,18.8783381015354,11.3758937135545,26.6413170253408,18.8783381015354,18.8783381015354,18.8783381015354,48,398201
2026-01-02,13.431148290247,11.6772400395776,16.1103089884903,13.431148290247,13.431148290247,13.431148290247,48,400555
2026-01-03,6.13866036518402,1.36078290445528,14.5457770855789,6.13866036518402,6.13866036518402,6.13866036518402,39,321224
2026-01-04,9.76850469434437,6.91288279556203,11.6871510299588,9.76850469434437,9.76850469434437,9.76850469434437,48,425901
2026-01-05,10.0102941177536,7.56767253557381,12.8175336774867,10.0102941177536,10.0102941177536,10.0102941177536,43,338679
2026-01-06,10.0185999128163,8.07721605135841,12.1381940396839,10.0185999128163,10.0185999128163,10.0185999128163,41,322041
2026-01-07,7.81518969854847,1.51875506890403,11.8700272542254,7.81518969854847,7.81518969854847,7.81518969854847,48,370498
2026-01-08,5.72766389887438,1.0204610506121,9.09014748065153,5.72766389887438,5.72766389887438,5.72766389887438,35,311372
2026-01-09,8.62277403146207,4.87306871051816,10.9511848453112,8.62277403146207,8.62277403146207,8.62277403146207,37,289330
2026-01-10,9.3211674884186,7.56347521041811,11.2749719600114,9.3211674884186,9.3211674884186,9.3211674884186,47,438583
2026-01-11,9.20009316002904,7.71618953697663,11.5437126617105,9.20009316002904,9.20009316002904,9.20009316002904,47,440833
2026-01-12,9.51767698905617,7.52241694959125,11.9088013487856,9.51767698905617,9.51767698905617,9.51767698905617,47,444301
2026-01-13,8.69491850844611,5.58028465687391,11.3484963371406,8.69491850844611,8.69491850844611,8.69491850844611,44,360511
2026-01-14,9.14065551304203,7.18691003304493,11.6309060278747,9.14065551304203,9.14065551304203,9.14065551304203,45,373605
2026-01-15,8.57225533918338,6.73138656363048,10.4646413991486,8.57225533918338,8.57225533918338,8.57225533918338,39,327750
2026-01-16,10.1923184708429,7.18826863383007,12.0691549670377,10.1923184708429,10.1923184708429,10.1923184708429,47,376769
2026-01-17,10.5383527357181,8.7397701616084,13.0310068442022,10.5383527357181,10.5383527357181,10.5383527357181,47,441169
2026-01-18,10.2949047469791,7.9905644123649,13.3084702579673,10.2949047469791,10.2949047469791,10.2949047469791,48,454952
2026-01-19,9.87341563161764,8.40043953813554,11.2930743272294,9.87341563161764,9.87341563161764,9.87341563161764,47,451964
2026-01-20,9.61834548338212,6.88196144388742,13.4513490737845,9.61834548338212,9.61834548338212,9.61834548338212,47,452206
2026-01-21,9.27668192766141,4.62338170110587,12.0533804762633,9.27668192766141,9.27668192766141,9.27668192766141,47,451120
2026-01-22,9.22025864684071,6.71271528588249,11.9008066624617,9.22025864684071,9.22025864684071,9.22025864684071,47,442088
2026-01-23,10.4136813979609,7.85772782852376,13.0398534989705,10.4136813979609,10.4136813979609,10.4136813979609,47,438843
2026-01-24,7.26227085407558,-1.90631937288058,12.091972286058,7.26227085407558,7.26227085407558,7.26227085407558,48,448102
2026-01-25,6.27119985010685,2.6902769716,8.62959658022043,6.27119985010685,6.27119985010685,6.27119985010685,47,441807
2026-01-26,8.24240670379006,4.50320233274327,11.1080619047773,8.24240670379006,8.24240670379006,8.24240670379006,45,431215
2026-01-27,8.6766650101977,6.49885162294355,11.0945275221076,8.6766650101977,8.6766650101977,8.6766650101977,48,457974
2026-01-28,8.8742590927534,6.85048050202258,11.2022739765408,8.8742590927534,8.8742590927534,8.8742590927534,48,443240
2026-01-29,9.37387953075285,6.81931971867867,12.5576436627408,9.37387953075285,9.37387953075285,9.37387953075285,48,455087
2026-01-30,8.99798822843725,5.52312178340118,11.4106450651738,8.99798822843725,8.99798822843725,8.99798822843725,47,452601
2026-01-31,10.0580902859852,7.78507835897957,12.4448294217236,10.0580902859852,10.0580902859852,10.0580902859852,48,459089
2026-02-01,10.7272570230144,8.36921047759159,13.0090885397299,10.7272570230144,10.7272570230144,10.7272570230144,48,461469
2026-02-02,10.3214610402152,8.16466226240738,12.0142006166739,10.3214610402152,10.3214610402152,10.3214610402152,46,433635
2026-02-03,9.3169126785983,7.65752221186157,10.7560990641834,9.3169126785983,9.3169126785983,9.3169126785983,47,433773
2026-02-04,9.9240309662893,8.25711943896143,11.4035391456672,9.9240309662893,9.9240309662893,9.9240309662893,48,442706
2026-02-05,10.1100454531156,7.79514857028644,11.9325820168888,10.1100454531156,10.1100454531156,10.1100454531156,47,452239
2026-02-06,9.79452398857247,7.40576582006293,11.3699344270506,9.79452398857247,9.79452398857247,9.79452398857247,47,454651
2026-02-07,10.7216438821758,8.71234323695938,12.3670869558222,10.7216438821758,10.7216438821758,10.7216438821758,48,463219
2026-02-08,11.2625812337081,8.73108680370773,13.1557989223626,11.2625812337081,11.2625812337081,11.2625812337081,47,453778
2026-02-09,10.5330901798122,8.53608946479678,15.1286131495444,10.5330901798122,10.5330901798122,10.5330901798122,47,441317
2026-02-10,9.45961056039645,8.02154526650012,11.3453137362374,9.45961056039645,9.45961056039645,9.45961056039645,47,453076
2026-02-11,9.0554363625138,6.8543151727365,11.7169738848484,9.0554363625138,9.0554363625138,9.0554363625138,48,447276
2026-02-12,9.51544946288997,8.05872257456323,10.6788804640208,9.51544946288997,9.51544946288997,9.51544946288997,48,459011
2026-02-13,10.4632561485834,8.47399156819401,12.6395801886226,9.71139033910719,10.6366262514513,11.0107815114576,47,661404
2026-02-15,11.9834389362669,10.3648527884255,14.1398712159793,11.4650919328375,11.7040288685453,12.4174284994143,21,1582809
2026-02-16,11.2768489971435,10.5607570415683,11.8658107873253,11.0522006958596,11.3870706822727,11.5531832738662,22,1717429
2026-02-17,10.9250220228292,10.2489821826959,11.8920335273593,10.7183643902721,10.9469050359922,11.1551821345241,22,1799027
2026-02-18,10.5227029050803,8.76608329075835,11.5609199137529,10.2771582361657,10.6904266763473,10.9496492374758,22,1891517
2026-02-20,10.4716406755926,9.0534907592015,11.805085848829,9.97911604782666,10.3577704298681,11.1620042396927,24,2211907
2026-02-21,11.2517886573254,10.2848088341215,11.7994346190456,11.0608133581978,11.3455946010328,11.5487225679259,24,1937434
2026-02-22,11.4244824778097,9.78415308751348,12.3383920721098,11.2495823449794,11.5242762493372,11.829925197901,24,1998930
2026-02-23,10.5320617542384,9.76336616833655,11.3632637802978,10.2371372339782,10.4576828713831,10.8201885167491,24,2127555
2026-02-24,10.3271945732521,9.77887295716791,11.0449196142415,10.1536863207577,10.2898311431252,10.5167578438579,24,2159159
2026-02-25,9.93871260208009,5.56863298845408,11.5675685614357,9.62979171781886,10.1336238629912,10.5780349207331,24,2240073
2026-02-26,10.1263458318739,8.4929350227079,11.3703288957797,9.56797450160795,9.97768871052671,10.8664260418615,24,2099202
2026-02-27,11.1259370071737,9.25452704688634,16.4984971147336,10.1638368195097,10.9259923276963,11.8443156297234,24,2233469
2026-02-28,6.41427212469716,2.85785492988548,10.8981433207191,4.11618250186174,4.99063801689844,10.4956507580697,23,2127622
2026-03-01,7.88543217091417,6.28839781066663,9.01590807788804,7.23898344532616,7.9735877596401,8.63867932728573,24,2023820
2026-03-02,7.26897007563645,4.86211997042417,8.33573273012174,6.51988387583019,7.5037165644322,7.98819485209098,24,2144166
2026-03-03,7.58439983589262,6.17175294729343,8.98440945678006,6.77740676306284,7.60182162149526,8.17905516069023,24,2226757
2026-03-04,8.36150729045809,7.17477004316695,9.8981042167274,8.01092598912382,8.33468672506277,8.86958482756088,24,2286028
2026-03-05,8.2376910869998,6.76781048235305,9.38924705034733,7.65972921834906,8.31307648851835,8.75111792890783,24,2267846
2026-03-06,8.85632762339069,7.93009477546116,10.1136737681084,8.31931458775908,8.98163200544895,9.14875393013014,24,2221509
2026-03-07,9.29920654067479,8.48757942928959,10.4024049524296,8.90283883865728,9.29098414574115,9.71279982319633,24,2000402
2026-03-08,9.17118600818516,8.17582046997147,10.0623892858246,8.80431459955099,9.164885496667,9.7089833235516,24,1955213
2026-03-09,8.64038223195918,7.38350821299585,9.28137910090141,8.58817331371804,8.68879406045375,8.81490958885124,24,2054787
2026-03-10,9.24453255350705,7.89000104880752,10.2086561134238,8.76643070394118,9.44778101098683,9.79308606605895,24,2103646
2026-03-11,8.89714401886935,7.90011339770027,10.0077617957851,8.46028887145987,8.8609258561674,9.37492858114921,24,2153207
2026-03-12,8.88887567906166,7.96618741468687,10.1361985337588,8.5208585306924,8.67137380347603,9.09502648621512,24,2115750
2026-03-13,9.05678828034714,8.12651013249456,10.348114202135,8.66780771660729,9.00884533155113,9.36247918993621,24,2117556
2026-03-14,10.1875645414719,8.95988359667646,12.0881683647184,9.74078465290039,10.1545612600331,10.7625815493796,24,1935411
2026-03-15,10.2104848468995,9.3907951097098,11.5383801783447,9.83880169434358,10.0368428999178,10.6377458025521,24,1892608
2026-03-16,9.77380907853859,8.07296094936336,13.0264803254218,8.97248927335071,9.88699898088621,10.1738537750637,24,2175130
2026-03-17,9.80349997890882,8.4627707423176,11.1407397603079,9.2248027326185,9.98515724487184,10.2779012621387,23,2011991
2026-03-18,10.4797329970436,9.53543726777201,12.0896778086,9.73036022125109,10.1972575609532,11.0965645873283,21,1826657
2026-03-19,9.03175077841346,7.54562387858102,10.718857303022,8.49244470673039,8.89395550143055,9.39243641671322,24,2102769
2026-03-20,9.72199612712026,8.66957167431666,11.4088893846547,9.1262893877477,9.53369131109899,10.1293818655393,24,2121907
2026-03-21,9.80598312259795,8.71119035548789,10.6200747229336,9.39124989191877,9.76137112283292,10.2642411410222,24,1947155
2026-03-22,9.67539523808439,8.2996628364991,10.9031300514658,9.27267733242083,9.66712320935877,9.95304365123614,24,1921946
2026-03-23,9.22888372892179,7.84217206007271,10.3148656123755,8.88107057475704,9.19867776510044,9.74494800453232,24,2031279
2026-03-24,9.59462569606578,8.781712067049,10.5530584844134,9.18250481206488,9.55414490002689,9.96811836468718,24,2101950
2026-03-25,10.4412284855314,9.70221637019825,11.7834220150945,10.1221210694787,10.4567739552713,10.6070203398179,24,2089320
2026-03-26,10.0177054240103,8.86143737492998,11.459991540679,9.59325941077441,10.1446444443178,10.3475222706387,24,2162193
2026-03-27,10.1872008011981,9.51323884153947,11.2822260673865,9.75255427639624,10.0305091002443,10.4769282234063,24,2146059
2026-03-28,10.8416508205139,9.45958043323696,11.8904520380698,10.3485330224297,11.0016486534892,11.4022691273949,24,1906119
2026-03-29,11.0234450561724,9.92577181547646,11.8963267050592,10.6693436808029,11.1628876861547,11.4589066602754,24,1897472
2026-03-30,10.2976355293354,9.37275891465064,11.4456051816737,9.83287148250806,10.2313316851685,10.6892724267413,24,1995664
2026-03-31,9.75527980269451,8.86876333238409,10.3762340731838,9.44544392448283,9.75078243186386,10.0916632018674,22,1942595
2026-04-01,9.90278679951763,9.20119059966647,10.674873610482,9.74188971025465,9.87829457791651,10.1517462880958,24,2250318
2026-04-02,9.60819676481546,6.62519861164024,10.9338421216691,9.44299663001017,9.69249928316792,10.145566956956,24,2184481
2026-04-03,10.4940487846655,8.95874866586518,11.7458904373013,9.88473753843122,10.6542499317285,11.0528374147407,24,2051551
2026-04-04,10.7681162859506,9.51012871231525,11.6063109060019,10.387254714809,10.8037739555828,11.2392522071986,24,1937243
2026-04-05,11.7146753072834,10.6653835334145,13.2859660551862,11.048729533366,11.3617981558435,12.4985219130605,24,1950354
2026-04-06,10.6732742455985,8.34552762659404,11.7705318555025,9.88005685628116,11.0047641588746,11.3379684205646,24,1875716
2026-04-07,8.04277287186938,3.67610266205752,11.6501900206277,5.47851931544233,9.47022558249394,10.6890615932462,24,2312721
2026-04-08,9.29467609792157,5.34703857352894,10.5107371912531,9.24020987093413,9.45094304983742,9.93908400217327,24,2207648
2026-04-09,9.8629921281063,8.80161818541251,10.7079750266531,9.63232152559488,9.72906775084454,10.2486602443633,24,2134163
2026-04-10,10.6296309832176,9.21162043644671,11.4881529840863,10.4267135363646,10.7822664192353,11.1021557643643,24,2141794
2026-04-11,11.4711063307933,10.2569554466536,13.1933393480818,11.0084693710383,11.5022467394921,11.8970376342927,24,1983184
2026-04-12,11.0099646255536,9.03701209311959,12.9867339868921,10.3078883006031,11.0737777905292,11.5401961619796,24,2025359
2026-04-13,10.672294160054,9.2337476802278,12.549659406498,10.0214231028721,10.6548102549348,11.2567681206528,24,2161566
2026-04-14,10.7764300791539,9.31892406563199,12.0650027694564,10.4468502929004,10.8238494205046,11.1152080697597,24,2159760
2026-04-15,10.1471355733738,9.31387810208724,10.858653385112,10.0608719682731,10.2020146640826,10.3181747674192,24,2162658
2026-04-16,8.65731778796147,6.53988911273881,10.4773472719306,7.31751310701105,8.63007745716297,9.99177467523754,22,1364004
2026-04-17,10.3639368976776,8.77485449154637,11.816287213407,9.84147750919091,10.4347205500489,10.8167423270074,24,2091674
2026-04-18,11.4188391166849,10.4424565451455,12.4845217393373,10.6514229244037,11.6151858545669,11.9795928399031,24,1855668
2026-04-19,11.4507398986575,10.8431279519977,12.4129962798255,11.1843492063139,11.4513589233085,11.6535350789578,24,1833779
2026-04-20,11.4527117972174,10.5894867875172,11.9737520953068,11.2413775031028,11.5023283761468,11.7819280116306,23,1434514
2026-04-21,10.7864253161381,9.65222619438416,11.9067160839335,10.514417105751,10.792797759752,11.0980680699863,24,343357
2026-04-22,10.8049594470345,9.3291851302593,12.0666457389638,10.6681371902472,10.8498778160609,11.0417779739035,24,1886929
2026-04-23,10.5682515295506,9.31104960997651,11.6241840698607,10.3774303686839,10.6949131710559,10.9038336293427,24,1993917
2026-04-24,10.9406042608337,9.80065764333371,12.1573983397088,10.6771424780217,10.9484946200318,11.2502218044707,24,2038221
2026-04-25,11.4202522865222,10.2481135003838,12.2395093830587,11.0460550157139,11.3695335964169,11.8259523168582,24,1833059
2026-04-26,8.54831268982573,4.37783069643578,10.673375842647,8.28938406231123,9.12587479772504,9.41412873137974,15,1169872
2026-04-27,11.2478173923373,9.61317542371642,14.6411036843938,10.1178254683344,10.6476095301017,11.9554911952531,24,1925462
2026-04-28,9.87264425826977,8.78971743051761,11.0892820403931,9.36400904307792,9.90842940149277,10.3318591211928,24,2007352
2026-04-29,10.3548331279025,9.31307626671102,11.6776957645375,9.69927853474945,10.1883129436728,10.901719413491,24,2003346
2026-04-30,10.0133137227105,9.26461659186208,11.2248822824016,9.7120196987566,9.94491405017184,10.2457803299872,24,2048756
2026-05-01,11.2150672391732,9.59066649415627,12.2996363780921,10.3493281129319,11.4750284961011,11.8998159196208,24,1996873
2026-05-02,11.3626410060994,10.3709452375526,12.0957911070222,10.8317613708844,11.5132025847756,11.7390147823225,24,1814427
2026-05-03,11.3483662435221,10.3078471287835,12.253072989551,11.009490335716,11.2452184777735,11.7938212328802,24,1782272
2026-05-04,10.6934639998658,9.61661512042608,11.3098098411849,10.480040987876,10.7161725481191,11.0124889651571,23,1887856
2026-05-05,10.4929871361763,9.53984122164777,11.3525483955722,10.0666972613171,10.6222101868056,10.8582465553596,24,1977546
2026-05-06,10.7762015968165,10.0219159975397,11.4012514504363,10.6432102811193,10.7932431292288,10.9918056904718,24,2030897
2026-05-07,10.6064687387978,9.1864649952094,11.7655044474398,10.0528645881842,10.4375955440563,11.2462732422889,24,2023476
2026-05-08,10.4572814883567,9.05265220009727,11.8667822008778,10.1556840134909,10.271670293185,10.770994854398,23,1968755
2026-05-09,11.5953455278452,10.6267448832645,12.5311145909355,11.3814925944988,11.6277809203739,11.8833279266285,24,1786332
2026-05-10,12.5222441325682,10.9058132595431,14.2985586946418,11.7996467976918,12.6641507709988,13.2631601000217,24,1733907
2026-05-11,12.1434975341612,10.2126382271794,15.9437303184739,10.747963354095,11.7836639859095,13.304922487253,24,1911109
2026-05-12,10.9622196915801,9.30615396250908,14.7018290339678,10.1748200699207,10.5464897871363,11.4698262250551,24,1992604
2026-05-13,10.9438311182457,9.73666538378001,12.0902336981502,10.5901107397043,11.0978771085751,11.2993813900502,24,2000262
2026-05-14,11.6264233738456,10.1426545430012,15.2621264520766,10.8271123388147,11.1277031302193,12.1461010687725,24,1985494
2026-05-15,11.3994344845045,9.30275111906169,13.6197277233716,10.7158688443872,11.4722978931282,12.0991135476763,24,1964715
2026-05-16,11.4762454216583,9.83127513634942,12.4555969303282,10.8955389020887,11.7793547043008,12.0547760428596,24,1808985
2026-05-17,11.4185123854494,10.6330861746461,12.6604792510085,11.0131393250868,11.2722424239377,11.9207626046563,24,1745119
2026-05-18,10.8211358888535,9.24173751705112,12.3259135267619,10.1582410749265,10.9898173660347,11.4505885837025,23,1785452
2026-05-19,10.6154115147724,6.86143150141944,12.2797538980668,9.99166894492379,10.6926365971509,11.4145419272038,23,1916084
2026-05-20,10.6434095676402,8.31451502802442,12.5183409140212,10.2533163877529,10.7181827641701,11.2985098816261,24,2053905
2026-05-21,10.998391637215,9.8562846559492,12.9858399695583,10.4216550164825,11.0401342370247,11.514487972115,24,2025140
2026-05-22,11.4503697873131,10.0547148699301,13.4567554514979,10.9133665189915,11.3437671226892,11.9689563475614,24,1971393
2026-05-23,11.8690004246703,10.498551174076,13.5582903140098,11.2841359028675,11.8908286059964,12.2387344899044,24,1750869
2026-05-24,11.9012819573708,10.4451332360801,13.8094439407589,11.2316036330866,11.813465236163,12.4800541504989,24,1790641
2026-05-25,12.2682318599693,11.5250873222534,13.1716068060647,11.8708392013649,12.1985863844297,12.6832717960829,24,1824253
2026-05-26,11.8951108044658,10.1926343519583,14.22020121453,11.4682043826606,11.7112777421096,12.3883463517575,24,1897089
2026-05-27,10.8951184109574,9.95523545746368,11.7436871262036,10.4796264166381,10.7981706216008,11.4347479094046,24,1999580
2026-05-28,10.7538976220351,9.77842283534291,12.5570370304405,10.3116354395613,10.5745573583945,11.0929705881182,24,2006353
2026-05-29,11.4418182475097,10.272067446201,13.9156922156288,10.8554702927178,11.341607242187,11.7566335897459,24,1991097
2026-05-30,12.291120294174,11.0417276351559,13.9639436947833,11.8418261681164,12.3245321784048,12.7178473852769,24,1818009
2026-05-31,13.0729770984802,10.9259242367078,15.5506225021034,12.4011313473832,13.0407458043785,13.6333858771934,24,1791577
2026-06-01,14.4770476949988,12.6128538841518,16.3745876755156,13.9254194896351,14.446303853404,14.9174626315549,24,1965132
2026-06-02,13.1754982525659,10.965129636201,15.6466712105519,12.3047289331265,12.9214559619209,14.1633677202393,24,2001042
2026-06-03,10.9886427822025,10.0194489212288,11.6031386500632,10.717612086229,11.0612765764284,11.3177900784346,24,2001814
2026-06-04,11.1517610484432,9.8341566968212,11.6768518829074,11.0624829881901,11.2869129716213,11.4538520860341,24,2009877
2026-06-05,12.2733181325195,8.70275601800897,16.2957781197764,10.8400593459757,11.8038586911569,14.0496080022368,24,2094455
2026-06-06,12.7064160206235,10.2334605151796,16.583206090346,11.8646284270083,12.2263072542741,13.4224557009468,24,1852492
2026-06-07,12.4011692470963,9.83590639765375,16.1329615617051,11.1552796841197,12.0940738371116,13.4891724356608,24,1841780
2026-06-08,10.9215840861102,9.50888662534739,12.2993371155916,10.4775413013406,11.0075956937406,11.3484555193536,24,1928754
2026-06-09,10.9360729227633,8.72757717639766,12.9048358021977,10.4879617574595,10.7314415805826,11.8311822047246,24,2139836
2026-06-10,10.6982307543874,9.41680406919434,12.7995173493002,10.2195288524685,10.6793699436848,11.1167108703309,23,1963779
2026-06-11,10.3010189087259,8.29600054755652,11.9950874383245,10.0423378767008,10.1485415946714,10.5018557292818,24,2089550
2026-06-12,11.2191710611112,9.59880658335101,12.95268358214,10.6995427282836,11.2792660949116,11.7670684623436,24,2006563
2026-06-13,12.2543700076978,9.66780515093206,15.4708063314279,11.304779025358,11.9284172702393,13.2429921796188,24,1843368
2026-06-14,12.81596018981,9.9415289286474,15.9363510382103,12.1141555840822,12.7029849129504,13.7969656098376,24,1909756
2026-06-15,10.7995258930948,9.8195620325688,11.6281968068127,10.4873964300187,10.8406190495189,11.134460369215,24,1994334
2026-06-16,10.8597296265607,9.54575983646481,12.1900927244487,10.3229949851535,10.7687094480303,11.6036077635076,24,2000228
2026-06-17,10.8938137810302,9.9288027656508,12.4720274867893,10.2115478106015,10.8892866768271,11.516815204579,24,2064146
2026-06-18,11.2348574694288,9.80236263850211,12.0600881784889,10.8458514833184,11.4556753746659,11.7517754420682,24,2004326
2026-06-19,11.9309100364965,10.5191610337735,12.9235657187549,11.7336921683202,11.9123040654862,12.1877858417631,24,1968662
2026-06-20,11.8649378840253,10.8286215314545,12.7008604427048,11.4722652696773,11.8874191961825,12.2185726239575,24,1802074
2026-06-21,12.3922919132164,10.880955579065,13.5660479537018,11.5099122195496,12.6926835506222,13.2358776748727,24,1763625
2026-06-22,11.1587504683111,9.87088213235937,12.3578880473862,10.6717474791424,11.2355079629909,11.4862973450306,24,1922192
2026-06-23,10.8758724572538,9.12604805001165,11.9828852050384,10.3132366821351,11.1475502664805,11.3392212252027,24,2000266
2026-06-24,11.0043499851974,9.12864848256608,12.2058168036453,10.5866800194611,11.0046198235607,11.5225713790511,24,2081184
2026-06-25,10.5134124814179,9.18798956298246,12.152852134393,9.98327022535991,10.5234125098039,10.9223164198908,24,2036298
2026-06-26,11.0228690232119,9.68168520787148,12.5058270628637,10.591834518315,10.9942823547626,11.5304795822297,24,2047972
2026-06-27,11.8404278324064,10.2821239444058,12.9256051862621,11.3161249827644,12.0019113517731,12.2980801248752,24,1799020
2026-06-28,12.1024604110195,10.9587645095967,12.836102325216,11.8388487485234,12.1848172594249,12.4576437450699,24,1721457
2026-06-29,11.8460427595378,10.2228616625016,12.877898880347,11.5265879532612,12.1237003424187,12.3773858592863,24,1892575
2026-06-30,11.0153121773698,8.74735134350311,12.9710971027404,10.3672699923237,11.1629745003215,11.4870528864285,24,2036798
2026-07-01,11.5569826131943,8.81458427890748,13.3938921550418,11.0669624190591,11.7472723615075,12.1257144343213,24,2126115
2026-07-02,11.0385858277386,8.43240106870045,12.2172794512092,10.5517558411458,11.1580255836068,11.544946875543,24,2031211
2026-07-03,11.3466869365512,8.88124704247313,12.6634805263629,10.784603814613,11.3516450074275,12.1049427614247,24,1894512
2026-07-04,13.1025769638458,10.4511952096909,14.8975134524476,12.2081580433063,13.1151677561405,14.2604102466856,18,1298440
2026-07-05,11.6678674879085,9.93522934161863,13.0444978749352,11.1967923455625,11.499261858414,12.6997947523994,21,1594197
2026-07-06,10.7561103182828,8.06978845204516,13.2597930226952,9.92983333558857,10.5855774236074,11.9953586246429,24,2041923
2026-07-07,9.79666466822729,7.01232190819174,12.0350194831331,8.90719968145556,10.0462999095768,10.6718725551681,24,2221031
2026-07-08,10.4905599980442,9.18374634248282,11.9450094450832,9.78406992364695,10.3702891036748,11.1100638661774,24,2025662
2026-07-09,10.3192132519333,8.84969850148966,11.4343274991137,9.65064431429627,10.6166949550344,10.8087635762799,24,1994218
2026-07-10,10.3176930725818,8.47440968487489,11.9605918108131,10.0281824902158,10.2729659772012,10.991522398138,24,1966424
2026-07-11,10.8280165809558,9.67039093546645,11.9350196909279,10.2776779874343,11.0223170861618,11.3487144484024,24,1795087
2026-07-12,9.5548767429191,7.37626057480355,10.7118124205221,9.19035317507397,9.66449680116018,9.94701556466174,24,1921402
2026-07-13,10.5920355619195,8.71738245718693,12.7041353261271,10.1664854012078,10.3472763156823,11.1790996743862,24,1868976
2026-07-14,9.63213602686702,8.20351624519484,11.2156757230184,9.11388939216976,9.52287217685961,10.105550432083,24,2013662
2026-07-15,9.19361969799878,7.22366623533964,10.8368809157466,8.62387943958161,9.13813777510695,9.6560444092496,24,2113386
2026-07-16,9.12332959545206,8.36103786464006,10.6769641771454,8.69171815820453,9.05489261634376,9.47761996321867,24,2000509
2026-07-17,9.33529073437479,5.7260899152308,10.6836573523871,8.88464709484371,9.63757530628704,10.0697199928098,24,2033578
2026-07-18,10.3582718150058,9.60897382263848,11.5897334506227,9.98102162028041,10.1546149983145,10.8857705973004,24,1807680
2026-07-19,10.6435754547554,7.45827331530314,11.7880641315019,10.3787378917188,10.6036349439031,11.2913282309081,24,1898337
2026-07-20,10.6687256441664,8.69257901088351,12.1614446114081,10.3873440254597,10.8747114749279,11.2448965564273,24,1865736
2026-07-21,9.53857922928851,8.37533860747565,10.9101774630863,8.91177816858627,9.5477048897105,10.238314986031,24,1959597
2026-07-22,9.73981452816801,8.36074673385916,10.9309736706201,9.47370880382588,9.77279765047363,10.0902675834081,24,1946126
2026-07-23,10.0215811794813,9.29879566975128,11.466634682658,9.6145393501399,9.88384819743343,10.2136441896384,24,1940270
2026-07-24,10.4925576528992,9.80512885050434,11.3537222931113,10.1541272216411,10.4988065744996,10.7875993764796,24,1929689
2026-07-25,10.7910647274336,9.21592403947111,11.5407222641807,10.2706207862473,11.0041075734981,11.3476491851199,24,1737916
2026-07-26,10.9466704597729,10.0199704891769,11.672612027954,10.7247631642666,11.0225102157305,11.208588718472,24,1663585
2026-07-27,10.447472938804,9.60293803199773,11.3865387614227,9.98510874993284,10.4560465892305,10.6885163864264,24,1829748
2026-07-28,10.1486205943134,9.06609274585869,11.1061999020395,9.96270883058888,10.1528915466793,10.335214334904,24,1882829
2026-07-29,9.64933946522263,8.02187559023382,11.3585639882522,8.86596204618304,9.42061451832505,10.2845308858258,24,1927702
2026-07-30,9.60263357582986,8.22536524854721,10.5637128584687,9.23319752685409,9.67355101516035,9.94994676999257,14,1231490
2026-07-31,10.4216551128681,9.02640192617894,11.7158478247015,10.0125120245455,10.34684072206,10.8247381389109,24,1909936
2026-08-01,10.9708220726648,9.06155332866121,12.215330476172,10.7158237002233,11.0405451589601,11.4362038887677,24,1758927
2026-08-02,10.4579629085446,9.40886317471991,11.7187683721647,10.1281608092892,10.4593643026537,10.7492162200346,24,1727139
2026-08-03,10.3617379387414,9.08226700604376,11.2259299159962,9.94798532310362,10.407850870431,10.7636909714759,24,1849938
2026-08-04,10.0851819537257,8.58651724204099,10.9177860205673,9.82735891049754,10.1056393124626,10.5347511123765,24,1893628
2026-08-05,10.3025904112415,8.58308626753952,11.1894889469167,9.83877469751921,10.4084445171021,10.7695146900418,24,1934637
2026-08-06,10.1051055145183,9.46324204208218,10.9587359416754,9.77490935330769,10.0097520051677,10.5622910041293,24,1926030
2026-08-07,10.6268979352798,9.64870954094236,11.5702859316103,10.1582835946463,10.7680965042889,11.1828000775542,24,1940810
2026-08-08,11.4151511040279,10.0909500799617,12.2857374635126,11.0263462763301,11.5540681421406,11.8761863723553,24,1720052
2026-08-09,11.3830256507774,10.5919032250762,12.2609793824071,11.1935166956222,11.4147550357216,11.6030775846378,24,1663276
2026-08-10,10.6330131145616,9.28058653620357,11.9205202552308,10.3857690544622,10.7062483371328,10.9466352656541,24,1781836
2026-08-11,9.93270030728595,9.06938675599229,10.7054407491587,9.50635812167866,9.9090716596297,10.2568366220468,24,1846889
2026-08-12,10.5797121488888,8.75753769728549,11.8885786845807,10.1355057912082,10.4714372263341,11.3175712232208,24,1923407
2026-08-13,10.4938690128575,9.89304629478342,12.113087897416,10.0393268708945,10.1947033428294,10.7856034940559,24,1901336
2026-08-14,9.73569986084638,8.21905998346184,11.3249453959821,9.26967005206218,9.82092858675253,10.2207419779187,24,1917258
2026-08-15,10.4436533823147,9.26266173211999,11.4338672397487,9.86322183338128,10.4886499226177,11.0028381254595,24,1692768
2026-08-16,10.6036563220369,8.9758751665717,11.456253167147,10.4604671805234,10.8040657543614,10.9234413934505,21,1098238
2026-08-17,9.65601314343296,7.35443260709242,11.0072664007652,9.45903826351968,9.72106863918564,9.91945949664938,24,1822276
2026-08-18,10.2859532201808,9.36621783915404,11.0756938718493,10.0380456924527,10.2523507998441,10.61930223598,24,1832653
2026-08-19,10.8306219642426,10.0688466732627,12.25337524733,10.3774403655414,10.8053920606684,11.0613924043226,24,1879955
2026-08-20,10.3260949991039,9.49045230771821,11.6197927153456,10.0134537225912,10.1694197260764,10.6662430646874,24,1894899
2026-08-21,10.6590555735958,9.32331912089519,12.0033888761757,10.3921830670067,10.5655442588805,11.017016106454,24,1893637
2026-08-22,10.73692450995,9.42976687347982,11.7012820110988,10.3805325370054,10.7398935237429,11.1624908129328,24,1694072
2026-08-23,10.4947624817054,9.73286794433534,11.6383463273111,10.0731424494516,10.5381729845037,10.7946964909429,24,1699469
2026-08-24,10.380930338994,8.85382623238787,11.6834179070201,9.96970991404132,10.2889437788887,11.0166456259665,24,1802153
2026-08-25,9.88699267317463,5.39960541982603,11.1546684626923,9.74627741395358,10.0390247894841,10.2777341543356,23,1776765
2026-08-26,9.95539278881528,4.47112057134732,11.8993919236742,9.7493096372939,10.5616072110249,10.9463522543698,24,1844923
2026-08-27,9.7895945770676,7.89593227904094,11.1278301142316,9.34348569074986,9.90009069210145,10.3497658453144,23,1753892
2026-08-28,10.6442366011686,8.67158568855523,11.6143071369925,10.4754227773058,10.8363747330431,11.0128562689288,24,1852386
2026-08-29,11.1072648052398,10.4992355134769,12.8003379445957,10.7195708624953,10.9626272913861,11.2461158064469,24,1687355
2026-08-30,11.0777373271682,10.39193739545,12.010965411272,10.722840365399,11.1210986238228,11.314490850314,24,1669461
2026-08-31,10.7650301740873,9.38705593122286,12.0924601253257,10.275320818246,10.9428249211204,11.1015374785819,24,1783691
2026-09-01,10.1897257985122,9.07206918288013,11.7842932176696,9.63551305853027,10.1028315429708,10.7308544313824,24,1853755
2026-09-02,9.8667727865769,8.71137034660509,11.140742584293,9.53507156906181,9.85775676945483,10.2533279673868,24,1858537
