timestamp,net_sentiment_percent,compound_score,category,total_posts
2025-12-26T18:31:45Z,8.4049,0.0840,neutral,5
2025-12-26T19:01:46Z,9.2241,0.0922,neutral,102
2025-12-26T19:31:46Z,15.6201,0.1562,neutral,181
2025-12-26T20:01:47Z,22.4111,0.2241,neutral,285
2025-12-26T20:31:48Z,14.2386,0.1424,neutral,388
2025-12-26T21:01:49Z,15.1056,0.1511,neutral,495
2025-12-26T21:31:53Z,14.8571,0.1486,neutral,1116
2025-12-26T22:01:54Z,16.5812,0.1658,neutral,1161
2025-12-26T22:31:54Z,13.0059,0.1301,neutral,1284
2025-12-26T23:01:55Z,15.5092,0.1551,neutral,1410
2025-12-26T23:31:56Z,12.6001,0.1260,neutral,1493
2025-12-27T00:01:56Z,12.4819,0.1248,neutral,1705
2025-12-27T00:31:57Z,12.1717,0.1217,neutral,1704
2025-12-27T01:01:57Z,13.5184,0.1352,neutral,1887
2025-12-27T01:31:59Z,14.4561,0.1446,neutral,2238
2025-12-27T02:02:03Z,13.6163,0.1362,neutral,2711
2025-12-27T02:32:05Z,11.9911,0.1199,neutral,3128
2025-12-27T03:02:14Z,13.7312,0.1373,neutral,4511
2025-12-27T03:32:18Z,13.1586,0.1316,neutral,5289
2025-12-27T04:02:31Z,12.7630,0.1276,neutral,7014
2025-12-27T04:32:40Z,14.3371,0.1434,neutral,8938
2025-12-27T05:02:46Z,12.9019,0.1290,neutral,9565
2025-12-27T05:32:45Z,12.9215,0.1292,neutral,9573
2025-12-27T06:02:47Z,13.6914,0.1369,neutral,9641
2025-12-27T06:32:48Z,13.9848,0.1398,neutral,9618
2025-12-27T07:02:45Z,13.3541,0.1335,neutral,9320
2025-12-27T07:32:04Z,11.4171,0.1142,neutral,2411
2025-12-27T08:02:45Z,13.1966,0.1320,neutral,9667
2025-12-27T08:32:55Z,13.0503,0.1305,neutral,9632
2025-12-27T09:02:51Z,12.9389,0.1294,neutral,9675
2025-12-27T09:31:48Z,12.0084,0.1201,neutral,479
2025-12-27T10:02:33Z,13.2237,0.1322,neutral,7320
2025-12-27T10:33:54Z,14.1021,0.1410,neutral,9424
2025-12-27T11:02:50Z,14.5525,0.1455,neutral,9459
2025-12-27T11:32:52Z,12.7444,0.1274,neutral,9578
2025-12-27T12:02:51Z,13.2682,0.1327,neutral,9643
2025-12-27T12:32:10Z,15.7584,0.1576,neutral,3452
2025-12-27T13:02:15Z,12.1707,0.1217,neutral,3496
2025-12-27T13:32:50Z,14.9981,0.1500,neutral,9665
2025-12-27T14:03:00Z,12.8912,0.1289,neutral,9479
2025-12-27T14:32:59Z,12.8752,0.1288,neutral,9673
2025-12-27T15:02:24Z,13.0724,0.1307,neutral,2678
2025-12-27T15:32:54Z,15.4316,0.1543,neutral,9674
2025-12-27T16:02:55Z,13.9098,0.1391,neutral,9716
2025-12-27T16:32:51Z,12.3396,0.1234,neutral,9672
2025-12-27T17:02:58Z,12.0661,0.1207,neutral,9642
2025-12-27T17:32:54Z,13.0359,0.1304,neutral,9646
2025-12-27T18:03:03Z,14.1685,0.1417,neutral,9594
2025-12-27T18:32:57Z,12.1205,0.1212,neutral,9617
2025-12-27T19:02:13Z,12.4929,0.1249,neutral,3496
2025-12-27T19:32:58Z,13.4149,0.1341,neutral,9707
2025-12-27T20:02:35Z,12.6804,0.1268,neutral,5980
2025-12-27T20:32:16Z,13.0086,0.1301,neutral,3977
2025-12-27T21:02:14Z,12.6732,0.1267,neutral,3884
2025-12-27T21:32:48Z,14.9360,0.1494,neutral,9660
2025-12-27T22:02:47Z,13.5329,0.1353,neutral,9735
2025-12-27T22:32:47Z,15.1547,0.1515,neutral,9656
2025-12-27T23:02:56Z,12.4095,0.1241,neutral,9720
2025-12-27T23:32:58Z,13.5303,0.1353,neutral,9687
2025-12-28T00:02:45Z,11.3466,0.1135,neutral,9777
2025-12-28T00:32:48Z,13.0825,0.1308,neutral,9734
2025-12-28T01:02:45Z,13.3980,0.1340,neutral,9724
2025-12-28T01:32:41Z,13.3429,0.1334,neutral,9715
2025-12-28T02:02:42Z,12.0477,0.1205,neutral,9331
2025-12-28T02:32:49Z,12.3566,0.1236,neutral,9720
2025-12-28T03:02:47Z,11.8054,0.1181,neutral,9589
2025-12-28T03:32:45Z,12.6794,0.1268,neutral,9715
2025-12-28T04:02:56Z,12.2262,0.1223,neutral,9723
2025-12-28T04:32:50Z,11.8431,0.1184,neutral,9706
2025-12-28T05:02:36Z,12.7895,0.1279,neutral,7628
2025-12-28T05:32:49Z,12.3642,0.1236,neutral,9707
2025-12-28T06:02:49Z,12.2871,0.1229,neutral,9562
2025-12-28T07:02:50Z,13.3192,0.1332,neutral,9695
2025-12-28T07:32:41Z,13.7982,0.1380,neutral,8055
2025-12-28T08:02:51Z,13.2972,0.1330,neutral,9560
2025-12-28T08:32:50Z,13.6243,0.1362,neutral,9683
2025-12-28T09:02:02Z,12.6338,0.1263,neutral,2718
2025-12-28T09:32:50Z,13.4862,0.1349,neutral,9435
2025-12-28T10:02:50Z,13.1087,0.1311,neutral,9465
2025-12-28T10:32:47Z,13.5365,0.1354,neutral,9641
2025-12-28T11:02:51Z,13.4873,0.1349,neutral,9615
2025-12-28T11:32:05Z,13.9077,0.1391,neutral,2305
2025-12-28T12:02:56Z,14.9627,0.1496,neutral,9655
2025-12-28T12:32:57Z,14.7535,0.1475,neutral,9648
2025-12-28T13:02:53Z,13.7713,0.1377,neutral,9620
2025-12-28T13:32:53Z,14.6286,0.1463,neutral,9622
2025-12-28T14:02:52Z,13.5141,0.1351,neutral,9615
2025-12-28T14:32:50Z,14.0100,0.1401,neutral,9614
2025-12-28T15:08:09Z,13.5070,0.1351,neutral,9610
2025-12-28T15:32:56Z,13.1692,0.1317,neutral,9001
2025-12-28T16:02:49Z,13.6067,0.1361,neutral,9654
2025-12-28T16:32:54Z,12.4893,0.1249,neutral,9653
2025-12-28T17:02:49Z,12.4695,0.1247,neutral,9667
2025-12-28T17:32:55Z,14.2248,0.1422,neutral,9707
2025-12-28T18:02:49Z,13.0671,0.1307,neutral,9681
2025-12-28T18:32:58Z,13.1073,0.1311,neutral,9674
2025-12-28T19:02:50Z,12.4290,0.1243,neutral,9643
2025-12-28T19:32:55Z,13.2071,0.1321,neutral,9629
2025-12-28T20:02:52Z,12.5085,0.1251,neutral,9645
2025-12-28T20:32:54Z,11.2823,0.1128,neutral,9630
2025-12-28T21:02:51Z,12.6349,0.1263,neutral,9619
2025-12-28T21:32:49Z,13.0161,0.1302,neutral,9689
2025-12-28T22:02:57Z,11.9842,0.1198,neutral,9690
2025-12-28T22:32:55Z,11.8066,0.1181,neutral,9642
2025-12-28T23:02:53Z,12.1164,0.1212,neutral,9663
2025-12-28T23:32:59Z,12.0264,0.1203,neutral,9734
2025-12-29T00:02:52Z,12.0942,0.1209,neutral,9609
2025-12-29T00:32:46Z,11.8719,0.1187,neutral,9743
2025-12-29T01:02:04Z,13.0263,0.1303,neutral,1888
2025-12-29T01:32:05Z,12.3009,0.1230,neutral,2039
2025-12-29T02:02:49Z,12.8735,0.1287,neutral,9713
2025-12-29T02:32:51Z,13.6085,0.1361,neutral,9641
2025-12-29T03:02:52Z,12.4850,0.1248,neutral,9708
2025-12-29T03:32:52Z,12.0823,0.1208,neutral,9732
2025-12-29T04:02:53Z,13.0476,0.1305,neutral,9740
2025-12-29T04:32:53Z,12.1504,0.1215,neutral,9735
2025-12-29T05:02:49Z,13.5955,0.1360,neutral,9714
2025-12-29T05:32:58Z,12.0973,0.1210,neutral,9681
2025-12-29T06:02:50Z,12.6111,0.1261,neutral,9665
2025-12-29T06:32:45Z,13.0547,0.1305,neutral,8658
2025-12-29T07:02:49Z,12.4719,0.1247,neutral,9678
2025-12-29T07:32:53Z,12.0700,0.1207,neutral,9533
2025-12-29T08:02:45Z,11.2765,0.1128,neutral,8531
2025-12-29T08:32:46Z,12.0778,0.1208,neutral,8812
2025-12-29T09:01:50Z,12.7365,0.1274,neutral,774
2025-12-29T09:32:54Z,12.1581,0.1216,neutral,9672
2025-12-29T10:02:53Z,12.7528,0.1275,neutral,9656
2025-12-29T10:32:53Z,13.7574,0.1376,neutral,9572
2025-12-29T11:02:47Z,13.7491,0.1375,neutral,9678
2025-12-29T11:32:55Z,14.0034,0.1400,neutral,9624
2025-12-29T12:02:48Z,12.9654,0.1297,neutral,8936
2025-12-29T12:32:58Z,14.5269,0.1453,neutral,9619
2025-12-29T13:02:51Z,13.6473,0.1365,neutral,9678
2025-12-29T13:32:54Z,13.3322,0.1333,neutral,9663
2025-12-29T14:02:54Z,13.7822,0.1378,neutral,9663
2025-12-29T14:32:55Z,12.8030,0.1280,neutral,9678
2025-12-29T15:32:55Z,14.4799,0.1448,neutral,9637
2025-12-29T16:02:14Z,12.3605,0.1236,neutral,3551
2025-12-29T16:32:19Z,12.4300,0.1243,neutral,4876
2025-12-29T17:02:52Z,12.4601,0.1246,neutral,9661
2025-12-29T17:32:58Z,12.3609,0.1236,neutral,9635
2025-12-29T18:02:56Z,13.7224,0.1372,neutral,9613
2025-12-29T18:32:17Z,13.3271,0.1333,neutral,3584
2025-12-29T19:02:53Z,12.5678,0.1257,neutral,9662
2025-12-29T19:32:52Z,12.1379,0.1214,neutral,9636
2025-12-29T20:02:14Z,14.6017,0.1460,neutral,3479
2025-12-29T20:32:53Z,11.4086,0.1141,neutral,9638
2025-12-29T21:02:16Z,11.6583,0.1166,neutral,3845
2025-12-29T21:32:51Z,11.8734,0.1187,neutral,9573
2025-12-29T22:02:46Z,10.7134,0.1071,neutral,9760
2025-12-29T22:32:47Z,12.6051,0.1261,neutral,9680
2025-12-29T23:02:47Z,11.3170,0.1132,neutral,9629
2025-12-29T23:32:48Z,12.7229,0.1272,neutral,8759
2025-12-30T00:02:47Z,12.2615,0.1226,neutral,9536
2025-12-30T00:32:47Z,12.5007,0.1250,neutral,9728
2025-12-30T01:02:49Z,12.4572,0.1246,neutral,9659
2025-12-30T01:32:47Z,11.4838,0.1148,neutral,9597
2025-12-30T02:02:50Z,11.9792,0.1198,neutral,9723
2025-12-30T02:32:49Z,11.3811,0.1138,neutral,9713
2025-12-30T03:02:47Z,11.5143,0.1151,neutral,9710
2025-12-30T03:32:47Z,13.2478,0.1325,neutral,9719
2025-12-30T04:32:49Z,13.0779,0.1308,neutral,9310
2025-12-30T05:02:49Z,11.6566,0.1166,neutral,9719
2025-12-30T05:32:45Z,11.6389,0.1164,neutral,9276
2025-12-30T06:02:50Z,12.7632,0.1276,neutral,9692
2025-12-30T06:32:48Z,12.6291,0.1263,neutral,9710
2025-12-30T07:02:49Z,11.9258,0.1193,neutral,9719
2025-12-30T07:32:04Z,14.0220,0.1402,neutral,2941
2025-12-30T08:02:52Z,12.0417,0.1204,neutral,9682
2025-12-30T08:32:46Z,12.7317,0.1273,neutral,9715
2025-12-30T09:02:46Z,12.5991,0.1260,neutral,9671
2025-12-30T09:32:14Z,12.6026,0.1260,neutral,4423
2025-12-30T10:02:55Z,13.1778,0.1318,neutral,9634
2025-12-30T10:32:41Z,13.6775,0.1368,neutral,7845
2025-12-30T11:02:52Z,12.8618,0.1286,neutral,9446
2025-12-30T11:32:51Z,14.2047,0.1420,neutral,9706
2025-12-30T12:02:47Z,13.2046,0.1320,neutral,9668
2025-12-30T12:32:41Z,12.8844,0.1288,neutral,7949
2025-12-30T13:02:53Z,12.9904,0.1299,neutral,9549
2025-12-30T13:32:56Z,13.9605,0.1396,neutral,9685
2025-12-30T14:02:56Z,14.6184,0.1462,neutral,9642
2025-12-30T14:32:50Z,12.9554,0.1296,neutral,9648
2025-12-30T15:02:05Z,9.9505,0.0995,neutral,1228
2025-12-30T15:31:54Z,13.2491,0.1325,neutral,732
2025-12-30T16:03:00Z,12.9951,0.1300,neutral,9576
2025-12-30T16:32:54Z,13.1757,0.1318,neutral,9721
2025-12-30T17:02:57Z,13.3556,0.1336,neutral,9704
2025-12-30T17:31:57Z,9.8232,0.0982,neutral,1211
2025-12-30T18:02:53Z,13.9072,0.1391,neutral,9657
2025-12-30T18:32:58Z,12.8839,0.1288,neutral,9663
2025-12-30T19:02:53Z,13.0005,0.1300,neutral,9710
2025-12-30T19:32:57Z,12.9115,0.1291,neutral,9620
2025-12-30T20:02:57Z,12.8272,0.1283,neutral,9695
2025-12-30T20:32:55Z,11.3300,0.1133,neutral,9676
2025-12-30T21:02:22Z,12.9027,0.1290,neutral,4144
2025-12-30T21:32:52Z,12.5382,0.1254,neutral,9705
2025-12-30T22:03:00Z,12.3024,0.1230,neutral,9710
2025-12-30T22:32:54Z,12.4540,0.1245,neutral,9619
2025-12-30T23:02:51Z,12.0625,0.1206,neutral,9730
2025-12-30T23:32:21Z,14.8046,0.1480,neutral,4954
2025-12-31T00:02:22Z,12.5934,0.1259,neutral,4626
2025-12-31T00:34:39Z,12.7071,0.1271,neutral,8742
2025-12-31T01:02:24Z,12.4429,0.1244,neutral,5513
2025-12-31T01:32:22Z,11.0332,0.1103,neutral,5065
2025-12-31T02:02:39Z,13.3381,0.1334,neutral,7269
2025-12-31T02:32:49Z,11.1440,0.1114,neutral,9676
2025-12-31T03:02:51Z,12.5733,0.1257,neutral,9529
2025-12-31T03:32:51Z,11.7949,0.1179,neutral,9641
2025-12-31T04:02:49Z,12.9939,0.1299,neutral,9663
2025-12-31T04:32:52Z,13.2062,0.1321,neutral,9710
2025-12-31T05:02:51Z,12.2545,0.1225,neutral,9703
2025-12-31T05:32:08Z,13.9776,0.1398,neutral,3203
2025-12-31T06:02:50Z,14.0372,0.1404,neutral,9695
2025-12-31T06:32:50Z,13.7115,0.1371,neutral,9694
2025-12-31T07:02:50Z,13.4752,0.1348,neutral,9688
2025-12-31T07:32:50Z,14.4492,0.1445,neutral,9675
2025-12-31T08:02:02Z,13.7865,0.1379,neutral,2072
2025-12-31T08:32:48Z,14.1121,0.1411,neutral,9660
2025-12-31T09:02:52Z,15.1048,0.1510,neutral,9658
2025-12-31T09:32:47Z,15.2920,0.1529,neutral,9668
2025-12-31T10:02:49Z,15.5229,0.1552,neutral,9710
2025-12-31T10:31:52Z,17.5548,0.1755,neutral,518
2025-12-31T11:01:55Z,16.5448,0.1654,neutral,425
2025-12-31T11:32:53Z,15.8570,0.1586,neutral,9489
2025-12-31T12:02:57Z,14.5604,0.1456,neutral,9677
2025-12-31T12:31:54Z,16.4299,0.1643,neutral,770
2025-12-31T13:03:00Z,15.5639,0.1556,neutral,9512
2025-12-31T13:32:14Z,17.8691,0.1787,neutral,3819
2025-12-31T14:04:03Z,16.4660,0.1647,neutral,9662
2025-12-31T14:32:11Z,15.8981,0.1590,neutral,3147
2025-12-31T15:02:41Z,17.4763,0.1748,neutral,3189
2025-12-31T15:32:45Z,18.1457,0.1815,neutral,9532
2025-12-31T16:02:52Z,18.1258,0.1813,neutral,9638
2025-12-31T16:32:55Z,19.8703,0.1987,neutral,9734
2025-12-31T17:02:58Z,17.5515,0.1755,neutral,9705
2025-12-31T17:32:51Z,17.2580,0.1726,neutral,9640
2025-12-31T18:02:10Z,17.6623,0.1766,neutral,3342
2025-12-31T18:32:55Z,17.1889,0.1719,neutral,9681
2025-12-31T19:02:52Z,17.2361,0.1724,neutral,9688
2025-12-31T19:32:49Z,17.2192,0.1722,neutral,9689
2025-12-31T20:02:53Z,17.1086,0.1711,neutral,9697
2025-12-31T20:31:53Z,15.6094,0.1561,neutral,1159
2025-12-31T21:02:48Z,17.1257,0.1713,neutral,9675
2025-12-31T21:32:50Z,17.3255,0.1733,neutral,9648
2025-12-31T22:02:47Z,16.5687,0.1657,neutral,9677
2025-12-31T22:32:52Z,18.5404,0.1854,neutral,9695
2025-12-31T23:02:47Z,19.2109,0.1921,neutral,9649
2025-12-31T23:32:52Z,20.8106,0.2081,neutral,9692
2026-01-01T00:02:45Z,19.7533,0.1975,neutral,9696
2026-01-01T00:32:48Z,19.9640,0.1996,neutral,9789
2026-01-01T01:02:46Z,20.6364,0.2064,neutral,9766
2026-01-01T01:32:43Z,18.3701,0.1837,neutral,9648
2026-01-01T02:02:52Z,19.5935,0.1959,neutral,9731
2026-01-01T02:32:44Z,16.0136,0.1601,neutral,9707
2026-01-01T03:02:45Z,17.2772,0.1728,neutral,9658
2026-01-01T03:32:44Z,18.2836,0.1828,neutral,9748
2026-01-01T04:02:44Z,18.7246,0.1872,neutral,9725
2026-01-01T04:32:57Z,18.9720,0.1897,neutral,9741
2026-01-01T05:02:40Z,26.6413,0.2664,neutral,9736
2026-01-01T05:32:52Z,23.8847,0.2388,neutral,9774
2026-01-01T06:02:45Z,24.6615,0.2466,neutral,9754
2026-01-01T06:32:45Z,20.9849,0.2098,neutral,9747
2026-01-01T07:02:44Z,21.9004,0.2190,neutral,9696
2026-01-01T07:32:47Z,19.9322,0.1993,neutral,9737
2026-01-01T08:02:47Z,22.7862,0.2279,neutral,9738
2026-01-01T08:32:16Z,22.0842,0.2208,neutral,5139
2026-01-01T09:02:50Z,21.4730,0.2147,neutral,9710
2026-01-01T09:32:49Z,21.0023,0.2100,neutral,9625
2026-01-01T10:02:53Z,19.6714,0.1967,neutral,9717
2026-01-01T10:32:50Z,19.2689,0.1927,neutral,9628
2026-01-01T11:02:38Z,19.5482,0.1955,neutral,8529
2026-01-01T11:32:01Z,21.8220,0.2182,neutral,2321
2026-01-01T12:02:48Z,20.7004,0.2070,neutral,9639
2026-01-01T12:32:49Z,20.2577,0.2026,neutral,9675
2026-01-01T13:02:31Z,19.9300,0.1993,neutral,6350
2026-01-01T13:32:50Z,19.2440,0.1924,neutral,9651
2026-01-01T14:02:50Z,18.7657,0.1877,neutral,9574
2026-01-01T14:32:49Z,19.4345,0.1943,neutral,9583
2026-01-01T15:02:21Z,16.4435,0.1644,neutral,2334
2026-01-01T15:32:20Z,18.5815,0.1858,neutral,4626
2026-01-01T16:03:00Z,18.8566,0.1886,neutral,9711
2026-01-01T16:32:58Z,16.7913,0.1679,neutral,9691
2026-01-01T17:02:54Z,17.7685,0.1777,neutral,9672
2026-01-01T17:32:57Z,17.6637,0.1766,neutral,9693
2026-01-01T18:02:50Z,16.4899,0.1649,neutral,9719
2026-01-01T18:32:11Z,17.3846,0.1738,neutral,3630
2026-01-01T19:02:48Z,16.7869,0.1679,neutral,9698
2026-01-01T19:32:46Z,15.8204,0.1582,neutral,9636
2026-01-01T20:02:00Z,17.7382,0.1774,neutral,1916
2026-01-01T20:32:01Z,16.3431,0.1634,neutral,857
2026-01-01T21:02:57Z,14.2298,0.1423,neutral,9705
2026-01-01T21:32:54Z,15.9847,0.1598,neutral,9719
2026-01-01T22:02:02Z,15.4932,0.1549,neutral,1757
2026-01-01T22:32:50Z,15.7403,0.1574,neutral,9708
2026-01-01T23:02:01Z,11.3759,0.1138,neutral,1916
2026-01-01T23:32:47Z,15.0864,0.1509,neutral,9681
2026-01-02T00:01:59Z,12.3724,0.1237,neutral,1719
2026-01-02T00:32:49Z,15.8859,0.1589,neutral,9659
2026-01-02T01:02:53Z,16.1103,0.1611,neutral,9716
2026-01-02T01:32:53Z,14.9898,0.1499,neutral,9702
2026-01-02T02:02:50Z,13.9839,0.1398,neutral,9679
2026-01-02T02:31:59Z,12.5918,0.1259,neutral,1796
2026-01-02T03:02:53Z,14.7012,0.1470,neutral,9746
2026-01-02T03:32:03Z,14.5853,0.1459,neutral,1946
2026-01-02T04:02:21Z,12.8770,0.1288,neutral,5439
2026-01-02T04:32:05Z,11.7316,0.1173,neutral,2437
2026-01-02T05:02:47Z,13.2115,0.1321,neutral,9763
2026-01-02T05:32:46Z,14.3828,0.1438,neutral,9715
2026-01-02T06:02:50Z,13.6492,0.1365,neutral,9658
2026-01-02T06:32:50Z,13.1531,0.1315,neutral,9678
2026-01-02T07:02:09Z,12.7503,0.1275,neutral,3337
2026-01-02T07:32:15Z,14.7715,0.1477,neutral,3927
2026-01-02T08:02:50Z,13.9507,0.1395,neutral,9704
2026-01-02T08:32:49Z,12.9230,0.1292,neutral,9405
2026-01-02T09:02:49Z,14.1034,0.1410,neutral,8930
2026-01-02T09:32:53Z,13.9510,0.1395,neutral,9622
2026-01-02T10:02:50Z,14.4435,0.1444,neutral,9696
2026-01-02T10:32:51Z,13.4239,0.1342,neutral,9658
2026-01-02T11:02:50Z,14.3940,0.1439,neutral,9682
2026-01-02T11:33:02Z,13.4518,0.1345,neutral,9606
2026-01-02T12:02:58Z,14.2807,0.1428,neutral,9631
2026-01-02T12:32:51Z,13.9574,0.1396,neutral,9632
2026-01-02T13:02:48Z,13.0237,0.1302,neutral,9634
2026-01-02T13:32:50Z,14.5978,0.1460,neutral,9657
2026-01-02T14:02:52Z,13.9525,0.1395,neutral,9637
2026-01-02T14:32:09Z,14.1503,0.1415,neutral,3395
2026-01-02T15:04:33Z,14.8746,0.1487,neutral,698
2026-01-02T15:32:50Z,12.7387,0.1274,neutral,9756
2026-01-02T16:02:54Z,13.1165,0.1312,neutral,9613
2026-01-02T16:32:46Z,13.9475,0.1395,neutral,9602
2026-01-02T17:02:47Z,12.9701,0.1297,neutral,9632
2026-01-02T17:32:56Z,13.6164,0.1362,neutral,9668
2026-01-02T18:02:47Z,11.6772,0.1168,neutral,9671
2026-01-02T18:32:49Z,12.3219,0.1232,neutral,9691
2026-01-02T19:02:59Z,12.8403,0.1284,neutral,9672
2026-01-02T19:33:01Z,12.0955,0.1210,neutral,9709
2026-01-02T20:02:51Z,11.8316,0.1183,neutral,9654
2026-01-02T20:32:45Z,12.3874,0.1239,neutral,9683
2026-01-02T21:02:45Z,11.7633,0.1176,neutral,9651
2026-01-02T21:32:48Z,12.9182,0.1292,neutral,9619
2026-01-02T22:02:50Z,12.2923,0.1229,neutral,9622
2026-01-02T22:32:52Z,12.7766,0.1278,neutral,9630
2026-01-02T23:02:47Z,11.8740,0.1187,neutral,9623
2026-01-02T23:32:53Z,12.3016,0.1230,neutral,9555
2026-01-03T00:02:43Z,12.0761,0.1208,neutral,9620
2026-01-03T00:31:57Z,11.9590,0.1196,neutral,1805
2026-01-03T01:01:48Z,14.5458,0.1455,neutral,331
2026-01-03T06:01:49Z,7.8794,0.0788,neutral,488
2026-01-03T06:31:56Z,13.1617,0.1316,neutral,1562
2026-01-03T07:02:05Z,9.6173,0.0962,neutral,3143
2026-01-03T07:32:33Z,4.8575,0.0486,neutral,6269
2026-01-03T08:02:46Z,1.3608,0.0136,neutral,9614
2026-01-03T08:32:43Z,2.4220,0.0242,neutral,9566
2026-01-03T09:02:41Z,4.0312,0.0403,neutral,9360
2026-01-03T09:32:47Z,4.9249,0.0492,neutral,9617
2026-01-03T10:02:49Z,3.6789,0.0368,neutral,9662
2026-01-03T10:32:49Z,5.3179,0.0532,neutral,9640
2026-01-03T11:02:04Z,5.7505,0.0575,neutral,2181
2026-01-03T11:32:51Z,5.5709,0.0557,neutral,9601
2026-01-03T12:02:49Z,5.8330,0.0583,neutral,9614
2026-01-03T12:32:51Z,6.5682,0.0657,neutral,9616
2026-01-03T13:02:54Z,4.6246,0.0462,neutral,9573
2026-01-03T13:32:51Z,5.1903,0.0519,neutral,9577
2026-01-03T14:02:49Z,5.2471,0.0525,neutral,9615
2026-01-03T14:32:49Z,4.7175,0.0472,neutral,9559
2026-01-03T15:02:51Z,4.8846,0.0488,neutral,9331
2026-01-03T15:32:51Z,5.3530,0.0535,neutral,9489
2026-01-03T16:02:50Z,4.7636,0.0476,neutral,9498
2026-01-03T16:32:47Z,4.2553,0.0426,neutral,9511
2026-01-03T17:02:48Z,1.5986,0.0160,neutral,9609
2026-01-03T17:32:46Z,4.0163,0.0402,neutral,9586
2026-01-03T18:02:47Z,4.0360,0.0404,neutral,9528
2026-01-03T18:32:50Z,5.1470,0.0515,neutral,9469
2026-01-03T19:02:44Z,5.2203,0.0522,neutral,9450
2026-01-03T19:32:46Z,5.7099,0.0571,neutral,9442
2026-01-03T20:02:46Z,7.0746,0.0707,neutral,9579
2026-01-03T20:32:46Z,6.6063,0.0661,neutral,9514
2026-01-03T21:02:43Z,4.8826,0.0488,neutral,9535
2026-01-03T21:32:43Z,6.0368,0.0604,neutral,9508
2026-01-03T22:02:42Z,6.7204,0.0672,neutral,9567
2026-01-03T22:32:49Z,8.4511,0.0845,neutral,9479
2026-01-03T23:02:44Z,7.6534,0.0765,neutral,9591
2026-01-03T23:32:45Z,7.6636,0.0766,neutral,9525
2026-01-04T00:02:43Z,7.2653,0.0727,neutral,9528
2026-01-04T00:32:42Z,7.7579,0.0776,neutral,9541
2026-01-04T01:02:42Z,8.0971,0.0810,neutral,9582
2026-01-04T01:32:41Z,6.9129,0.0691,neutral,9619
2026-01-04T02:02:34Z,8.7688,0.0877,neutral,7820
2026-01-04T02:32:41Z,8.0847,0.0808,neutral,9650
2026-01-04T03:02:43Z,8.1836,0.0818,neutral,9625
2026-01-04T03:32:45Z,7.6030,0.0760,neutral,9557
2026-01-04T04:02:45Z,10.5543,0.1055,neutral,9618
2026-01-04T04:32:47Z,9.6722,0.0967,neutral,9619
2026-01-04T05:02:49Z,9.8437,0.0984,neutral,9629
2026-01-04T05:32:46Z,11.6872,0.1169,neutral,9617
2026-01-04T06:02:48Z,9.1832,0.0918,neutral,9619
2026-01-04T06:32:54Z,10.5867,0.1059,neutral,9635
2026-01-04T07:02:47Z,10.9252,0.1093,neutral,9634
2026-01-04T07:32:48Z,9.3099,0.0931,neutral,9586
2026-01-04T08:02:47Z,9.4580,0.0946,neutral,9558
2026-01-04T08:32:54Z,10.2595,0.1026,neutral,9539
2026-01-04T09:02:48Z,9.6953,0.0970,neutral,9570
2026-01-04T09:33:07Z,9.7220,0.0972,neutral,9588
2026-01-04T10:02:50Z,10.5128,0.1051,neutral,9595
2026-01-04T10:32:54Z,10.4272,0.1043,neutral,9530
2026-01-04T11:02:47Z,10.4983,0.1050,neutral,9623
2026-01-04T11:32:55Z,10.0589,0.1006,neutral,9534
2026-01-04T12:01:55Z,10.9777,0.1098,neutral,746
2026-01-04T12:32:47Z,11.2915,0.1129,neutral,9555
2026-01-04T13:02:49Z,10.1086,0.1011,neutral,9525
2026-01-04T13:32:52Z,9.7968,0.0980,neutral,9522
2026-01-04T14:02:58Z,9.4596,0.0946,neutral,9568
2026-01-04T14:32:51Z,10.0387,0.1004,neutral,9613
2026-01-04T15:02:02Z,9.9294,0.0993,neutral,1044
2026-01-04T15:32:56Z,9.8630,0.0986,neutral,9600
2026-01-04T16:02:54Z,10.6660,0.1067,neutral,9551
2026-01-04T16:32:44Z,9.1822,0.0918,neutral,8020
2026-01-04T17:02:50Z,10.3498,0.1035,neutral,9578
2026-01-04T17:32:54Z,10.8759,0.1088,neutral,9588
2026-01-04T18:02:50Z,10.6573,0.1066,neutral,9680
2026-01-04T18:32:52Z,10.3399,0.1034,neutral,9667
2026-01-04T19:02:58Z,11.0571,0.1106,neutral,9625
2026-01-04T19:32:53Z,10.2829,0.1028,neutral,9660
2026-01-04T20:02:54Z,10.2336,0.1023,neutral,9627
2026-01-04T20:32:57Z,10.4535,0.1045,neutral,9683
2026-01-04T21:02:52Z,10.4241,0.1042,neutral,9680
2026-01-04T21:32:06Z,9.0918,0.0909,neutral,2216
2026-01-04T22:02:08Z,9.4679,0.0947,neutral,2854
2026-01-04T22:32:47Z,10.3194,0.1032,neutral,9678
2026-01-04T23:02:56Z,9.4683,0.0947,neutral,9617
2026-01-04T23:32:57Z,9.4856,0.0949,neutral,9588
2026-01-05T00:02:52Z,10.0354,0.1004,neutral,9670
2026-01-05T00:32:44Z,10.0907,0.1009,neutral,9630
2026-01-05T01:02:48Z,9.3343,0.0933,neutral,9619
2026-01-05T01:32:54Z,10.0188,0.1002,neutral,9570
2026-01-05T02:02:10Z,9.7115,0.0971,neutral,2977
2026-01-05T02:32:50Z,7.5677,0.0757,neutral,9567
2026-01-05T03:02:50Z,9.6786,0.0968,neutral,9453
2026-01-05T03:33:01Z,8.9249,0.0892,neutral,9579
2026-01-05T04:02:50Z,9.7430,0.0974,neutral,9478
2026-01-05T04:32:47Z,7.6015,0.0760,neutral,9704
2026-01-05T05:02:47Z,9.5135,0.0951,neutral,9622
2026-01-05T05:31:53Z,9.9487,0.0995,neutral,619
2026-01-05T06:02:13Z,8.5472,0.0855,neutral,4465
2026-01-05T06:32:46Z,9.7563,0.0976,neutral,9478
2026-01-05T07:02:46Z,10.2848,0.1028,neutral,9411
2026-01-05T07:32:48Z,9.9668,0.0997,neutral,9450
2026-01-05T08:02:52Z,10.2375,0.1024,neutral,9558
2026-01-05T08:32:40Z,11.2699,0.1127,neutral,7747
2026-01-05T09:02:51Z,10.4772,0.1048,neutral,9681
2026-01-05T09:32:51Z,10.3650,0.1037,neutral,9628
2026-01-05T10:02:47Z,10.2183,0.1022,neutral,9150
2026-01-05T10:32:46Z,10.8932,0.1089,neutral,8546
2026-01-05T11:02:53Z,10.4242,0.1042,neutral,9733
2026-01-05T11:32:56Z,11.9870,0.1199,neutral,9651
2026-01-05T12:02:53Z,11.4709,0.1147,neutral,9633
2026-01-05T12:32:54Z,11.8584,0.1186,neutral,9631
2026-01-05T13:02:03Z,12.8175,0.1282,neutral,1769
2026-01-05T13:31:58Z,10.2011,0.1020,neutral,1693
2026-01-05T14:02:54Z,10.1915,0.1019,neutral,9530
2026-01-05T14:32:54Z,9.7664,0.0977,neutral,9548
2026-01-05T15:08:08Z,9.0454,0.0905,neutral,6720
2026-01-05T15:32:03Z,8.2913,0.0829,neutral,1691
2026-01-05T16:03:10Z,10.4699,0.1047,neutral,9299
2026-01-05T16:32:10Z,8.8333,0.0883,neutral,3059
2026-01-05T17:03:05Z,9.5025,0.0950,neutral,9705
2026-01-05T17:32:11Z,11.7661,0.1177,neutral,3135
2026-01-05T18:02:51Z,9.4145,0.0941,neutral,9650
2026-01-05T18:32:50Z,11.0176,0.1102,neutral,9591
2026-01-05T19:02:29Z,10.6881,0.1069,neutral,5809
2026-01-05T19:32:24Z,9.4515,0.0945,neutral,5803
2026-01-05T20:03:08Z,9.6467,0.0965,neutral,9553
2026-01-05T20:32:48Z,10.3662,0.1037,neutral,9592
2026-01-05T21:02:32Z,9.0478,0.0905,neutral,7282
2026-01-06T03:01:48Z,8.1415,0.0814,neutral,343
2026-01-06T03:31:52Z,8.6983,0.0870,neutral,1091
2026-01-06T04:02:05Z,8.0772,0.0808,neutral,2359
2026-01-06T04:32:29Z,9.1978,0.0920,neutral,6062
2026-01-06T05:02:47Z,10.0933,0.1009,neutral,9563
2026-01-06T05:32:45Z,10.0422,0.1004,neutral,9568
2026-01-06T06:02:06Z,9.8193,0.0982,neutral,3028
2026-01-06T06:32:52Z,9.5857,0.0959,neutral,9637
2026-01-06T07:02:45Z,9.5865,0.0959,neutral,9580
2026-01-06T07:32:49Z,10.4966,0.1050,neutral,9634
2026-01-06T08:02:55Z,10.9898,0.1099,neutral,9606
2026-01-06T08:32:49Z,11.7452,0.1175,neutral,9631
2026-01-06T09:02:10Z,10.4773,0.1048,neutral,3273
2026-01-06T09:32:51Z,9.9244,0.0992,neutral,9587
2026-01-06T10:02:12Z,10.0356,0.1004,neutral,3267
2026-01-06T10:32:14Z,9.4089,0.0941,neutral,3848
2026-01-06T11:02:53Z,10.5908,0.1059,neutral,9521
2026-01-06T11:32:49Z,12.0841,0.1208,neutral,9504
2026-01-06T12:02:49Z,10.4812,0.1048,neutral,9644
2026-01-06T12:32:48Z,10.8243,0.1082,neutral,9638
2026-01-06T13:02:52Z,10.2792,0.1028,neutral,9621
2026-01-06T13:31:54Z,8.9920,0.0899,neutral,331
2026-01-06T14:03:02Z,10.6247,0.1062,neutral,9675
2026-01-06T14:33:02Z,9.6499,0.0965,neutral,9648
2026-01-06T15:32:57Z,9.5846,0.0958,neutral,9655
2026-01-06T16:02:56Z,9.5432,0.0954,neutral,9623
2026-01-06T16:32:57Z,10.0175,0.1002,neutral,9615
2026-01-06T17:02:48Z,9.9171,0.0992,neutral,9610
2026-01-06T17:32:54Z,10.3507,0.1035,neutral,9080
2026-01-06T18:03:06Z,11.3255,0.1133,neutral,9612
2026-01-06T18:32:50Z,10.6777,0.1068,neutral,9587
2026-01-06T19:01:58Z,12.1382,0.1214,neutral,855
2026-01-06T19:32:50Z,9.5834,0.0958,neutral,9616
2026-01-06T20:02:52Z,9.9474,0.0995,neutral,9735
2026-01-06T20:32:49Z,10.0371,0.1004,neutral,9628
2026-01-06T21:03:00Z,10.1390,0.1014,neutral,9636
2026-01-06T21:32:49Z,10.0622,0.1006,neutral,9606
2026-01-06T22:02:50Z,9.8546,0.0985,neutral,9601
2026-01-06T22:32:49Z,9.4693,0.0947,neutral,9647
2026-01-06T23:02:44Z,9.4100,0.0941,neutral,9658
2026-01-06T23:32:52Z,8.8593,0.0886,neutral,9618
2026-01-07T00:02:49Z,8.8789,0.0888,neutral,9634
2026-01-07T00:32:55Z,8.7502,0.0875,neutral,9609
2026-01-07T01:01:55Z,8.2084,0.0821,neutral,819
2026-01-07T01:31:55Z,7.6478,0.0765,neutral,820
2026-01-07T02:02:50Z,8.8473,0.0885,neutral,9659
2026-01-07T02:32:51Z,9.3469,0.0935,neutral,9646
2026-01-07T03:02:51Z,10.4381,0.1044,neutral,9561
2026-01-07T03:32:49Z,8.8383,0.0884,neutral,9563
2026-01-07T04:02:56Z,9.3935,0.0939,neutral,9554
2026-01-07T04:32:51Z,8.9089,0.0891,neutral,9580
2026-01-07T05:01:57Z,6.9012,0.0690,neutral,1243
2026-01-07T05:31:47Z,6.9187,0.0692,neutral,286
2026-01-07T06:02:49Z,10.2097,0.1021,neutral,9520
2026-01-07T06:32:58Z,8.6104,0.0861,neutral,9577
2026-01-07T07:02:59Z,9.5526,0.0955,neutral,9549
2026-01-07T07:32:56Z,10.3879,0.1039,neutral,9534
2026-01-07T08:02:53Z,9.1130,0.0911,neutral,9484
2026-01-07T08:32:21Z,8.7354,0.0874,neutral,4502
2026-01-07T09:02:53Z,10.8540,0.1085,neutral,9626
2026-01-07T09:32:17Z,11.1407,0.1114,neutral,4574
2026-01-07T10:02:20Z,9.8393,0.0984,neutral,4529
2026-01-07T10:32:51Z,11.8700,0.1187,neutral,9642
2026-01-07T11:02:57Z,10.7579,0.1076,neutral,9631
2026-01-07T11:33:03Z,10.2543,0.1025,neutral,9582
2026-01-07T12:02:56Z,10.0958,0.1010,neutral,9624
2026-01-07T12:32:52Z,9.8431,0.0984,neutral,9637
2026-01-07T13:02:34Z,9.6135,0.0961,neutral,6706
2026-01-07T13:32:56Z,10.1335,0.1013,neutral,9600
2026-01-07T14:03:09Z,10.1245,0.1012,neutral,9625
2026-01-07T14:32:50Z,9.9561,0.0996,neutral,7695
2026-01-07T15:02:27Z,9.7511,0.0975,neutral,1922
2026-01-07T15:32:16Z,9.8243,0.0982,neutral,3435
2026-01-07T16:03:02Z,9.8223,0.0982,neutral,9607
2026-01-07T16:32:12Z,10.1688,0.1017,neutral,3535
2026-01-07T17:02:10Z,9.2247,0.0922,neutral,2083
2026-01-07T17:32:15Z,8.4130,0.0841,neutral,3022
2026-01-07T18:03:05Z,5.6288,0.0563,neutral,9579
2026-01-07T18:32:56Z,1.5413,0.0154,neutral,9565
2026-01-07T19:02:55Z,1.5188,0.0152,neutral,9462
2026-01-07T19:33:05Z,3.0018,0.0300,neutral,9554
2026-01-07T20:02:48Z,3.4389,0.0344,neutral,9582
2026-01-07T20:32:49Z,3.9454,0.0395,neutral,9500
2026-01-07T21:02:46Z,3.1436,0.0314,neutral,9507
2026-01-07T21:32:48Z,2.3533,0.0235,neutral,9525
2026-01-07T22:02:56Z,2.2505,0.0225,neutral,9607
2026-01-07T22:32:49Z,2.7691,0.0277,neutral,9468
2026-01-07T23:02:49Z,1.6656,0.0167,neutral,9514
2026-01-07T23:32:50Z,2.4979,0.0250,neutral,9420
2026-01-08T00:02:51Z,1.0205,0.0102,neutral,9396
2026-01-08T00:32:50Z,2.6365,0.0264,neutral,9469
2026-01-08T01:02:46Z,2.1006,0.0210,neutral,9334
2026-01-08T01:32:51Z,3.2838,0.0328,neutral,9461
2026-01-08T02:02:46Z,3.6920,0.0369,neutral,9408
2026-01-08T02:32:48Z,4.3831,0.0438,neutral,9527
2026-01-08T03:02:46Z,4.8611,0.0486,neutral,9372
2026-01-08T03:32:42Z,4.9132,0.0491,neutral,9568
2026-01-08T04:02:46Z,3.3604,0.0336,neutral,9523
2026-01-08T04:32:48Z,4.0060,0.0401,neutral,9568
2026-01-08T05:02:49Z,5.1716,0.0517,neutral,9597
2026-01-08T05:32:46Z,5.5843,0.0558,neutral,9582
2026-01-08T06:02:46Z,6.6600,0.0666,neutral,9569
2026-01-08T06:32:48Z,5.9026,0.0590,neutral,9606
2026-01-08T07:02:48Z,6.0675,0.0607,neutral,9640
2026-01-08T07:32:49Z,7.6025,0.0760,neutral,9629
2026-01-08T08:02:58Z,6.9896,0.0699,neutral,9618
2026-01-08T08:32:15Z,8.8094,0.0881,neutral,3822
2026-01-08T09:02:51Z,7.9422,0.0794,neutral,9660
2026-01-08T09:32:51Z,9.0901,0.0909,neutral,9638
2026-01-08T10:02:48Z,9.0513,0.0905,neutral,9669
2026-01-08T10:32:48Z,7.7061,0.0771,neutral,9604
2026-01-08T11:02:53Z,7.6398,0.0764,neutral,9653
2026-01-08T11:32:48Z,7.5934,0.0759,neutral,9509
2026-01-08T12:03:00Z,8.1620,0.0816,neutral,9625
2026-01-08T12:32:56Z,7.2305,0.0723,neutral,6949
2026-01-08T13:03:04Z,6.5876,0.0659,neutral,9529
2026-01-08T13:32:18Z,5.6536,0.0565,neutral,4451
2026-01-08T14:02:53Z,5.9569,0.0596,neutral,9532
2026-01-08T14:32:49Z,5.4636,0.0546,neutral,9566
2026-01-08T15:02:52Z,4.4755,0.0448,neutral,9421
2026-01-08T15:32:54Z,4.8456,0.0485,neutral,9470
2026-01-08T16:02:49Z,4.9771,0.0498,neutral,9540
2026-01-08T16:32:47Z,5.3262,0.0533,neutral,9499
2026-01-08T17:01:49Z,5.7224,0.0572,neutral,368
